{"cameraMode":{"drawMode":0,"name":"Shaded","section":"Shading Mode"},"sceneLighting":false,"audioPlay":false,"sceneViewState":{"m_AlwaysRefresh":false,"showFog":true,"showSkybox":false,"showFlares":true,"showImageEffects":true,"showParticleSystems":true,"showVisualEffectGraphs":true,"m_FxEnabled":true},"in2DMode":false,"pivot":{"x":4.7964653968811039,"y":-0.753798246383667,"z":-16.11899185180664},"rotation":{"x":-0.0036002073902636768,"y":-0.9880287647247315,"z":0.15231753885746003,"w":-0.025271400809288026},"size":17.92181396484375,"orthographic":false}