{"cameraMode":{"drawMode":0,"name":"Shaded","section":"Shading Mode"},"sceneLighting":false,"audioPlay":false,"sceneViewState":{"m_AlwaysRefresh":false,"showFog":true,"showSkybox":false,"showFlares":true,"showImageEffects":true,"showParticleSystems":true,"showVisualEffectGraphs":true,"m_FxEnabled":true},"in2DMode":false,"pivot":{"x":0.07747846096754074,"y":-4.229328632354736,"z":-6.611173152923584},"rotation":{"x":0.019896071404218675,"y":-0.9606132507324219,"z":0.26827433705329897,"w":0.07004743814468384},"size":7.077969551086426,"orthographic":false}