{"cameraMode":{"drawMode":0,"name":"Shaded","section":"Shading Mode"},"sceneLighting":false,"audioPlay":false,"sceneViewState":{"m_AlwaysRefresh":false,"showFog":true,"showSkybox":false,"showFlares":true,"showImageEffects":true,"showParticleSystems":true,"showVisualEffectGraphs":true,"m_FxEnabled":true},"in2DMode":false,"pivot":{"x":0.10829219222068787,"y":-2.270437717437744,"z":-8.868634223937989},"rotation":{"x":-0.031710460782051089,"y":-0.9663180112838745,"z":0.20747564733028413,"w":-0.14909997582435609},"size":7.967217922210693,"orthographic":false}